Record ID,Title,Subject,Institution,Journal,Publisher,Country,Author,URLS,ArticleType,RetractionDate,RetractionDOI,RetractionPubMedID,OriginalPaperDate,OriginalPaperDOI,OriginalPaperPubMedID,RetractionNature,Reason,Paywalled,Notes,NotesAdmin,
21730,A Closed-Form Solution for the Impedance Calculation of Grid Power Distribution Network,(PHY) Engineering - Electrical;,"College of Information Science and Electronic Engineering, Zhejiang University, Hangzhou, China;",IEEE Transactions on Electromagnetic Compatibility,IEEE: Institute of Electrical and Electronics Engineers,China,Wei Ying Ding;Xing Chang Wei;Da Yi;Yu Fei Shu,http://retractionwatch.com/2019/12/04/publisher-retracts-nearly-50-papers-at-once/,Research Article;,43802,10.1109/TEMC.2017.2666816,0,42803,10.1109/TEMC.2017.2666816,0,Retraction,+Fake Peer Review;,No,0,"https://ieeexplore.ieee.org/document/7875133 Notes: Notice of Retraction: After careful consideration, this article has been retracted due to irregularities in the peer review process.",0
21744,"A Compact, Broadband, Calculable Electromagnetic Field Source for Quality Assurance in EMC Testing",(PHY) Engineering - Electrical;,"ITT G. Ferraris, San Giovanni Valdarno, Italy; Department of Information Engineering, University of Florence, Firenze, Italy;",IEEE Transactions on Electromagnetic Compatibility,IEEE: Institute of Electrical and Electronics Engineers,Italy,Alessio Bonci;Enrico Boni;CArlo F M Carobbi,http://retractionwatch.com/2019/12/04/publisher-retracts-nearly-50-papers-at-once/,Research Article;,43802,10.1109/TEMC.2018.2803449,0,43158,10.1109/TEMC.2018.2803449,0,Retraction,+Fake Peer Review;,No,0,"https://ieeexplore.ieee.org/document/8303829 Notes: Notice of Retraction: After careful consideration, this article has been retracted due to irregularities in the peer review process.",0
21734,A Hybrid Method for the Coupling Analysis of Unequal Length MTLs With Arbitrary Heights Based on FDTD-TL Method,(PHY) Engineering - Electrical;,"Key Laboratory of Mobile Communications 3, Chongqing University of Posts and Telecommunications, Chongqing, China; Institute of Electromagnetics, Southwest Jiaotong University, Chengdu, China; Jinou Technology Development Company With Limited Liability, Chongqing, China;",IEEE Transactions on Electromagnetic Compatibility,IEEE: Institute of Electrical and Electronics Engineers,China,Zhihong Ye;Cheng Liao;Yang Wang;Chun Jin,http://retractionwatch.com/2019/12/04/publisher-retracts-nearly-50-papers-at-once/,Research Article;,43802,10.1109/TEMC.2018.2836349,0,43252,10.1109/TEMC.2018.2836349,0,Retraction,+Fake Peer Review;,No,0,"https://ieeexplore.ieee.org/document/8370721 Notes: Notice of Retraction: After careful consideration, this article has been retracted due to irregularities in the peer review process.",0
21728,A Measurement Method for Passive Intermodulation Chamber Performance Evaluation,(PHY) Engineering - Electrical;,"Hunan University, Changsha, China; General Test Systems, Shenzhen, China; Xidian University, Xi'an, China; UAq EMC Laboratory, University of L'Aquila, L'Aquila, Italy; China Mobile Design Institute, Beijing, China; Chinese University of Hong Kong, Shatin, Hong Kong; Google Inc., Mountain View, CA, USA; Xi'an Institute of Space Radio Technology, Xi'an, China;",IEEE Transactions on Electromagnetic Compatibility,IEEE: Institute of Electrical and Electronics Engineers,China;Hong Kong;Italy;United States,Zhanghua Cai;Yihong Qi;Zibin Weng;Jiyu Wu;Antonio Orlandi;Lie Liu;Feng Gao;Ming Yu;Zhiping Yang,http://retractionwatch.com/2019/12/04/publisher-retracts-nearly-50-papers-at-once/,Research Article;,43802,10.1109/TEMC.2018.2803734,0,43168,10.1109/TEMC.2018.2803734,0,Retraction,+Fake Peer Review;,No,0,"https://ieeexplore.ieee.org/document/8310918 Notes: Notice of Retraction: After careful consideration, this article has been retracted due to irregularities in the peer review process.",0
21723,A Method of Extracting the Effective Copper Surface Roughness of a PCB Laminate In Situ,(PHY) Engineering - Electrical;,"Siemon Company, Watertown, CT, USA; Electrical Engineering Department, Pennsylvania State University, Middletown, PA, USA;",IEEE Transactions on Electromagnetic Compatibility,IEEE: Institute of Electrical and Electronics Engineers,United States,Jason J Ellison;Sedig S Agili,http://retractionwatch.com/2019/12/04/publisher-retracts-nearly-50-papers-at-once/,Research Article;,43802,10.1109/TEMC.2018.2798290,0,43144,10.1109/TEMC.2018.2798290,0,Retraction,+Fake Peer Review;,No,0,"https://ieeexplore.ieee.org/document/8290946 Notes: Notice of Retraction: After careful consideration, this article has been retracted due to irregularities in the peer review process.",0
21738,A Novel Electromagnetic Bandgap Power Plane Etched With Multiring CSRRs for Suppressing Simultaneous Switching Noise,(PHY) Engineering - Electrical;,"College of Information Science and Electronic Engineering, Innovative Institute of Electromagnetic Information and Electronic Integration, Zhejiang University, Hangzhou, China; Center for Optics and Electromagnetics, State Key Laboratory of MOI, Zhejiang University, Hangzhou, China; Shanghai, China; Shanghai Key Laboratory, Electromagnetic Environmental Effects for Aerospace Vehicle, Shanghai, China; State Key Laboratory, Complex Electromagnetic Environment Effects on Electronics and Information System, Luoyang, China; Innovative Institute of Electromagnetic Information and Electronic Integration, College of Information Science and Electronic Engineering, Zhejiang University, Hangzhou, China;",IEEE Transactions on Electromagnetic Compatibility,IEEE: Institute of Electrical and Electronics Engineers,China,C Ning;J Jin;K Yang;H Xie;D W Wang;Y Liao;L D Wang;H S Chen;E P Li;Wen Yan Yin,http://retractionwatch.com/2019/12/04/publisher-retracts-nearly-50-papers-at-once/,Research Article;,43802,10.1109/TEMC.2017.2731783,0,43021,10.1109/TEMC.2017.2731783,0,Retraction,+Fake Peer Review;,No,0,"https://ieeexplore.ieee.org/document/8067630 Notes: Notice of Retraction: After careful consideration, this article has been retracted due to irregularities in the peer review process.",0
21736,A Planar Low-Profile Meander Antenna (PLMA) Design for Wireless Terminal Achieving Between Intrasystem EMC and Isolation in Multiantenna Systems,(PHY) Engineering - Electrical;,"Shenzhen Sunway Communication Co., Ltd., Shenzhen, China; DBJ Technologies, Zhuhai, China; EMC Laboratory, Missouri University of Science and Technology, Rolla, MO, USA; General Test Systems Inc., Shenzhen, China;",IEEE Transactions on Electromagnetic Compatibility,IEEE: Institute of Electrical and Electronics Engineers,China;United States,Ye Hai Bi;Yihong Qi;Jun Fan;Wei Yu,http://retractionwatch.com/2019/12/04/publisher-retracts-nearly-50-papers-at-once/,Research Article;,43802,10.1109/TEMC.2016.2634581,0,42716,10.1109/TEMC.2016.2634581,0,Retraction,+Fake Peer Review;,No,0,"https://ieeexplore.ieee.org/document/7781619 Notes: Notice of Retraction: After careful consideration, this article has been retracted due to irregularities in the peer review process.",0
21742,A Time-Domain Hybrid Method for Coupling Problems of Long Cables Excited by Electromagnetic Pulses,(PHY) Engineering - Electrical;,"Institute of Electromagnetics, Southwest Jiaotong University, Chengdu, China;",IEEE Transactions on Electromagnetic Compatibility,IEEE: Institute of Electrical and Electronics Engineers,China,Zhihong Ye;Xiangzheng Xiong;Min Zhang;Cheng Liao,http://retractionwatch.com/2019/12/04/publisher-retracts-nearly-50-papers-at-once/,Research Article;,43802,10.1109/TEMC.2016.2587904,0,42577,10.1109/TEMC.2016.2587904,0,Retraction,+Fake Peer Review;,No,0,"https://ieeexplore.ieee.org/document/7522650 Notes: Notice of Retraction: After careful consideration, this article has been retracted due to irregularities in the peer review process.",0
21725,An Efficient High-Speed Channel Modeling Method Based on Optimized Design-of-Experiment (DoE) for Artificial Neural Network Training,(PHY) Engineering - Electrical;,"Electromagnetic Compatibility Laboratory, Missouri University of Science and Technology, Rolla, MO, USA; Cisco Systems, San Jose, CA, USA;",IEEE Transactions on Electromagnetic Compatibility,IEEE: Institute of Electrical and Electronics Engineers,United States,Heegon Kim;Chunchun Sui;Kevin Cai;Bidyut Sen;Jun Fan,http://retractionwatch.com/2019/12/04/publisher-retracts-nearly-50-papers-at-once/,Research Article;,43802,10.1109/TEMC.2018.2796091,0,43147,10.1109/TEMC.2018.2796091,0,Retraction,+Fake Peer Review;,No,0,"https://ieeexplore.ieee.org/document/8293827 Notes: Notice of Retraction: After careful consideration, this article has been retracted due to irregularities in the peer review process.",0
21724,Analysis of Multiconductor Transmission Lines Using the CN-FDTD Method,(PHY) Engineering - Electrical;,"Department of Electrical Engineering Department, Shahid Beheshti University, Tehran, Iran;",IEEE Transactions on Electromagnetic Compatibility,IEEE: Institute of Electrical and Electronics Engineers,Iran,Babak Honarbakhsh;Shahrooz Asadi,http://retractionwatch.com/2019/12/04/publisher-retracts-nearly-50-papers-at-once/,Research Article;,43802,10.1109/TEMC.2016.2598067,0,42597,10.1109/TEMC.2016.2598067,0,Retraction,+Fake Peer Review;,No,0,"https://ieeexplore.ieee.org/document/7543481 Notes: Notice of Retraction: After careful consideration, this article has been retracted due to irregularities in the peer review process.",0
21739,Analysis of Near-Field Shielding Effectiveness for the SiP Module,(PHY) Engineering - Electrical;,"College of Information Science and Electronic Engineering, Zhejiang University, Hangzhou, China; Huawei Technologies Co., Ltd., Shenzhen, China;",IEEE Transactions on Electromagnetic Compatibility,IEEE: Institute of Electrical and Electronics Engineers,China,Liang Gao;Xing Chang Wei;Yin Tao Huang;Bin Li;Yu Fei Shu,http://retractionwatch.com/2019/12/04/publisher-retracts-nearly-50-papers-at-once/,Research Article;,43802,10.1109/TEMC.2017.2712719,0,42902,10.1109/TEMC.2017.2712719,0,Retraction,+Fake Peer Review;,No,0,"https://ieeexplore.ieee.org/document/7951019 Notes: Notice of Retraction: After careful consideration, this article has been retracted due to irregularities in the peer review process.",0
21741,Efficient Analytical Prediction of the EMI Bandgap Limits of PEC-PMC Metallic Enclosures Hosting RF and Digital Circuits,(PHY) Engineering - Electrical;,"Department of Electrical and Electronics Engineering, Sakarya University, Sakarya, Turkey; UAq EMC Laboratory, Department of Industrial and Information Engineering and Economics, University of L'Aquila, L'Aquila, Italy;",IEEE Transactions on Electromagnetic Compatibility,IEEE: Institute of Electrical and Electronics Engineers,Italy;Turkey,Hilmi M Nisanci;Francesco de Paulis;Antonio Orlandi,http://retractionwatch.com/2019/12/04/publisher-retracts-nearly-50-papers-at-once/,Research Article;,43802,10.1109/TEMC.2016.2621163,0,42677,10.1109/TEMC.2016.2621163,0,Retraction,+Fake Peer Review;,0,0,"https://ieeexplore.ieee.org/document/7733109 Notes: Notice of Retraction: After careful consideration, this article has been retracted due to irregularities in the peer review process.",0
21740,Electromagnetic Time Reversal Approach to Locate Multiple Soft,(PHY) Engineering - Electrical;,"UAq? EMC Laboratory, Department of Industrial and Information Engineering and Economics, University of L'Aquila, L'Aquila, Italy;",IEEE Transactions on Electromagnetic Compatibility,IEEE: Institute of Electrical and Electronics Engineers,Italy,Antonio Orlandi,http://retractionwatch.com/2019/12/04/publisher-retracts-nearly-50-papers-at-once/,Research Article;,43802,10.1109/TEMC.2017.2778001,0,43077,10.1109/TEMC.2017.2778001,0,Retraction,+Fake Peer Review;,No,0,"https://ieeexplore.ieee.org/document/8170250 Notes: Notice of Retraction: After careful consideration, this article has been retracted due to irregularities in the peer review process.",0
21720,Eliminating RSARP Reporting Errors in the RTS Method for MIMO OTA Test,(PHY) Engineering - Electrical;,"Hunan University, Changsha, China; DBJ Technologies, Zhuhai, China;",IEEE Transactions on Electromagnetic Compatibility,IEEE: Institute of Electrical and Electronics Engineers,China,Penghui Shen;Yihong Qi;Wei Yu;Fuhai Li,http://retractionwatch.com/2019/12/04/publisher-retracts-nearly-50-papers-at-once/,Research Article;,43802,10.1109/TEMC.2017.2708131,0,42893,10.1109/TEMC.2017.2708131,0,Retraction,+Fake Peer Review;,No,0,"https://ieeexplore.ieee.org/document/7942131 Notes: Notice of Retraction: After careful consideration, this article has been retracted due to irregularities in the peer review process.",0
21743,EMI Shielding Effectiveness of Polyacrylonitrile Fabric With Polyaniline Deposition by Reactive Ink-Jet Printing and Model Approach,(PHY) Engineering - Electrical;,"Automatic Control Institute, Lodz University of Technology, Lodz, Poland; Institute of Textile Architecture, Lodz University of Technology, Lodz, Poland; Department of Molecular Physics, Lodz University of Technology, Lodz, Poland; Military Institute of Armament Technology, Zielonka, Poland;",IEEE Transactions on Electromagnetic Compatibility,IEEE: Institute of Electrical and Electronics Engineers,Poland,Tomasz Rybicki;Zbigniew Stempien;Edward Rybicki;Lech Szugajew,http://retractionwatch.com/2019/12/04/publisher-retracts-nearly-50-papers-at-once/,Research Article;,43802,10.1109/TEMC.2016.2548660,0,42488,10.1109/TEMC.2016.2548660,0,Retraction,+Fake Peer Review;,No,0,"https://ieeexplore.ieee.org/document/7462211 Notes: Notice of Retraction: After careful consideration, this article has been retracted due to irregularities in the peer review process.",0
21727,Experimental Detection of Soft Faults on Cables Using Chaos Time-Domain Reflectometry,(PHY) Engineering - Electrical;,"EMC and Diffraction Research Team, RF Systems Group, Xlim Laboratory, CNRS, Limoges, France;",IEEE Transactions on Electromagnetic Compatibility,IEEE: Institute of Electrical and Electronics Engineers,France,Vipin Velayudhan;Ihssane Bzikha;Alain Reineix,http://retractionwatch.com/2019/12/04/publisher-retracts-nearly-50-papers-at-once/,Research Article;,43802,10.1109/TEMC.2018.2848585,0,43326,10.1109/TEMC.2018.2848585,0,Retraction,+Fake Peer Review;,No,0,"https://ieeexplore.ieee.org/document/8436023 Notes: Notice of Retraction: After careful consideration, this article has been retracted due to irregularities in the peer review process.",0
21737,Extension of the Unmatched-Media Time Reversal Method to Locate Longitudinal Soft Defects in Transmission Lines,(PHY) Engineering - Electrical;,"UAq EMC Laboratory, Department of Industrial and Information Engineering and Economics, University of L'Aquila, L'Aquila, Italy;",IEEE Transactions on Electromagnetic Compatibility,IEEE: Institute of Electrical and Electronics Engineers,Italy,Carlo Olivieri;Antonio Orlandi;Enza Pellegrino,http://retractionwatch.com/2019/12/04/publisher-retracts-nearly-50-papers-at-once/,Research Article;,43802,10.1109/TEMC.2017.2787734,0,43136,10.1109/TEMC.2017.2787734,0,Retraction,+Fake Peer Review;,No,0,"https://ieeexplore.ieee.org/document/8281538 Notes: Notice of Retraction: After careful consideration, this article has been retracted due to irregularities in the peer review process.",0
21718,Free-Space Antenna Factor Computation Using Time-Domain Gating and Deconvolution Filter for Site Validation of Fully Anechoic Rooms,(PHY) Engineering - Electrical;,"ETS-Lindgren, Inc., Cedar Park, TX, USA;",IEEE Transactions on Electromagnetic Compatibility,IEEE: Institute of Electrical and Electronics Engineers,United States,Anoop Adhyapak;Zhong Chen;Kazuo Shimada,http://retractionwatch.com/2019/12/04/publisher-retracts-nearly-50-papers-at-once/,Research Article;,43802,10.1109/TEMC.2018.2792310,0,43132,10.1109/TEMC.2018.2792310,0,Retraction,+Fake Peer Review;,No,0,"https://ieeexplore.ieee.org/document/8278256 Notes: Notice of Retraction: After careful consideration, this article has been retracted due to irregularities in the peer review process.",0
21731,Identifying Interference From Multiple Noise Sources by Magnetic Near Fields Only,(PHY) Engineering - Electrical;,"EMC Laboratory, Missouri University of Science and Technology, Rolla, CA, USA; Department of Electrical Engineering, Missouri University of Science and Technology, Rolla, CA, USA; Missouri University of Science and Technology, Rolla, CA, USA;",IEEE Transactions on Electromagnetic Compatibility,IEEE: Institute of Electrical and Electronics Engineers,United States,Jingnan Pan;Xu Gao;Jun Fan,http://retractionwatch.com/2019/12/04/publisher-retracts-nearly-50-papers-at-once/,Research Article;,43802,10.1109/TEMC.2018.2871043,0,43746,10.1109/TEMC.2018.2871043,0,Retraction,+Fake Peer Review;,No,0,"https://ieeexplore.ieee.org/document/8485366 Notes: Notice of Retraction: After careful consideration, this article has been retracted due to irregularities in the peer review process.",0
21719,Impact of Terminal Conditions on the Unmatched-Media Time Reversal Method to Locate Faults and Defects in Transmission Lines,(PHY) Engineering - Electrical;,"UAq Electromagnetic Compatibility Laboratory, Department of Industrial and Information Engineering and Economics, University of L'Aquila, L'Aquila, Italy;",IEEE Transactions on Electromagnetic Compatibility,IEEE: Institute of Electrical and Electronics Engineers,Italy,Antonio Orlandi;Carlo Olivieri,http://retractionwatch.com/2019/12/04/publisher-retracts-nearly-50-papers-at-once/,Research Article;,43802,10.1109/TEMC.2017.2780518,0,43089,10.1109/TEMC.2017.2780518,0,Retraction,+Fake Peer Review;,No,0,"https://ieeexplore.ieee.org/document/8231222 Notes: Notice of Retraction: After careful consideration, this article has been retracted due to irregularities in the peer review process.",0
21722,Inverse Matrix Auto-Search Technique for the RTS MIMO OTA Testâ€”Part II: Validations,(PHY) Engineering - Electrical;,"Hunan University, Changsha, China; General Test Systems Inc., Shenzhen, China;",IEEE Transactions on Electromagnetic Compatibility,IEEE: Institute of Electrical and Electronics Engineers,China,Penghui Shen;Yihong Qi;Wei Yu;Fuhai Li,http://retractionwatch.com/2019/12/04/publisher-retracts-nearly-50-papers-at-once/,Research Article;,43802,10.1109/TEMC.2018.2808497,0,43227,10.1109/TEMC.2018.2808497,0,Retraction,+Fake Peer Review;,No,0,"https://ieeexplore.ieee.org/document/8355725 Notes: Notice of Retraction: After careful consideration, this article has been retracted due to irregularities in the peer review process.",0
21729,Model for Fields Coupling With Two Connected Transmission Lines With Different Reference Planes,(PHY) Engineering - Electrical;,"Northwest Institute of Nuclear Technology, Xi'an, China; Department of Engineering Physics, Tsinghua University, Beijing, China;",IEEE Transactions on Electromagnetic Compatibility,IEEE: Institute of Electrical and Electronics Engineers,China,Haiyan Xie;Yong Li;Keliang Yuan;Jianguo Wang,http://retractionwatch.com/2019/12/04/publisher-retracts-nearly-50-papers-at-once/,Research Article;,43802,10.1109/TEMC.2017.2739130,0,42976,10.1109/TEMC.2017.2739130,0,Retraction,+Fake Peer Review;,No,0,"https://ieeexplore.ieee.org/document/8017513 Notes: Notice of Retraction: After careful consideration, this article has been retracted due to irregularities in the peer review process.",0
21755,Most Valuable Player Algorithm for Circular Antenna Arrays Optimization to Maximum Sidelobe Levels Reduction,(PHY) Engineering - Electrical;,"University of Freres Mentouri Constantine Algeria; UAq EMC Laboratory, Department of Industrial and Information Engineering and Economics, University of L'Aquila, L'Aquila, Italy;",IEEE Transactions on Electromagnetic Compatibility,IEEE: Institute of Electrical and Electronics Engineers,Algeria;Italy,Houssem Rafik El-Hana Bouchekara;Antonio Orlandi;Malik Al-Qdah;Francesco de Paulis,http://retractionwatch.com/2019/12/04/publisher-retracts-nearly-50-papers-at-once/,Research Article;,43802,10.1109/TEMC.2018.2800774,0,43154,10.1109/TEMC.2018.2800774,0,Retraction,+Fake Peer Review;,No,0,"https://ieeexplore.ieee.org/document/8301590 Notes: Notice of Retraction: After careful consideration, this article has been retracted due to irregularities in the peer review process.",0
21732,Objective Total Isotropic Sensitivity Measurement,(PHY) Engineering - Electrical;,"General Test Systems, with the Hunan University, Shenzhen, Changsha, China; General Test Systems, Shenzhen, China; UAq Electromagnetic Compatibility Laboratory, University of L'Aquila, L'Aquila, Italy; Missouri University of Science and Technology, Rolla, MO, USA; Google, Mountain View, CA, USA;",IEEE Transactions on Electromagnetic Compatibility,IEEE: Institute of Electrical and Electronics Engineers,China;Italy;United States,Yihong Qi;Jiyu Wu;Zheng Zhang;Lie Liu;Wei Yu;Antonio Orlandi;Jun Fan;Zhiping Yang,http://retractionwatch.com/2019/12/04/publisher-retracts-nearly-50-papers-at-once/,Research Article;,43802,10.1109/TEMC.2017.2707641,0,42891,10.1109/TEMC.2017.2707641,0,Retraction,+Fake Peer Review;,No,0,"https://ieeexplore.ieee.org/document/7938736 Notes: Notice of Retraction: After careful consideration, this article has been retracted due to irregularities in the peer review process.",0
21733,Partial Inductance of Conductor Segments With Coulomb Gauge in Quasi-Static Field,(PHY) Engineering - Electrical;,"State Key Laboratory of Alternate Electrical Power System With Renewable Energy Sources, North China Electric Power University, Beijing, China;",IEEE Transactions on Electromagnetic Compatibility,IEEE: Institute of Electrical and Electronics Engineers,Armenia;China,Chouwei Ni;Zhibin Zhao;Xiang Cui,http://retractionwatch.com/2019/12/04/publisher-retracts-nearly-50-papers-at-once/,Research Article;,43802,10.1109/TEMC.2017.2650950,0,42814,10.1109/TEMC.2017.2650950,0,Retraction,+Fake Peer Review;,No,0,"https://ieeexplore.ieee.org/document/7882630 Notes: Notice of Retraction: After careful consideration, this article has been retracted due to irregularities in the peer review process.",0
21726,Quantification of the Fault Impedance and Its Location by a Time Reversal Approach,(PHY) Engineering - Electrical;,"UAq EMC Laboratory, Department of Industrial and Information Engineering and Economics, University of L'Aquila, L'Aquila, Italy;",IEEE Transactions on Electromagnetic Compatibility,IEEE: Institute of Electrical and Electronics Engineers,Italy,Antonio Orlandi;Enza Pellegrino,http://retractionwatch.com/2019/12/04/publisher-retracts-nearly-50-papers-at-once/,Research Article;,43802,10.1109/TEMC.2017.2778052,0,43075,10.1109/TEMC.2017.2778052,0,Retraction,+Fake Peer Review;,No,0,"https://ieeexplore.ieee.org/document/8170278 Notes: Notice of Retraction: After careful consideration, this article has been retracted due to irregularities in the peer review process.",0
21721,The Research and Application of a Novel Time Domain Hybrid Method for EMI Analysis of Lumped Circuits in a Shielded Device,(PHY) Engineering - Electrical;,"Institute of Electromagnetics, Southwest Jiaotong University, Chengdu, China;",IEEE Transactions on Electromagnetic Compatibility,IEEE: Institute of Electrical and Electronics Engineers,China,Zhihong Ye;Cheng Liao;Xiangzheng Xiong;Min Zhang,http://retractionwatch.com/2019/12/04/publisher-retracts-nearly-50-papers-at-once/,Research Article;,43802,10.1109/TEMC.2016.2551982,0,42488,10.1109/TEMC.2016.2551982,0,Retraction,+Fake Peer Review;,No,0,"https://ieeexplore.ieee.org/document/7462191 Notes: Notice of Retraction: After careful consideration, this article has been retracted due to irregularities in the peer review process.",0
21717,Unified Antenna Temperature,(PHY) Engineering - Electrical;,"DBJ Technologies, Zhuhai, China;",IEEE Transactions on Electromagnetic Compatibility,IEEE: Institute of Electrical and Electronics Engineers,China,Yihong Qi;Wei Yu,http://retractionwatch.com/2019/12/04/publisher-retracts-nearly-50-papers-at-once/,Research Article;,43802,10.1109/TEMC.2016.2569139,0,42527,10.1109/TEMC.2016.2569139,0,Retraction,+Fake Peer Review;,No,0,"https://ieeexplore.ieee.org/document/7485875 Notes: Notice of Retraction: After careful consideration, this article has been retracted due to irregularities in the peer review process.",0
19523,Applicability of Cylindrical Near-Field to Far-Field Transformation to OTA and EMC Measurements of 5G Equipment and Devices,(PHY) Engineering - Electrical;,"UAq EMC Laboratory, University of L'Aquila, L'Aquila, Italy; General Test Solutions, Shenzhen, China;",IEEE Transactions on Electromagnetic Compatibility,IEEE: Institute of Electrical and Electronics Engineers,China;Italy,Francesco de Paulis;Antonio Orlandi;Jiyu Wu;Yihong Qi;Carlo Olivieri,http://retractionwatch.com/2018/11/20/tech-society-retracts-29-articles-ousts-three-editors-for-systematic-violation-of-peer-review-policies/,Research Article;,43424,10.1109/TEMC.2017.2765672,0,43048,10.1109/TEMC.2017.2765672,0,Retraction,+Breach of Policy by Author;+Fake Peer Review;+Investigation by Journal/Publisher;+Publishing Ban;,No,see also: https://www.ieee.org/about/news/2018/retractions-from-ieee-transactions-on-electromagnetic-compatibility.html;,"https://ieeexplore.ieee.org/document/8098619 Notice of Retraction: After careful consideration, this article has been retracted due to irregularities in the peer review process.",0
19517,Carbon-Reinforced Flexible Band-Stop Frequency Selective Surface Design,(PHY) Engineering - Electrical;,"Department of Electrical and Electronics Engineering, Sakarya University, Sakarya 54050, Turkey; Department of Electrical and Electronics Engineering, Alanya Alaaddin Keykubat University, Antalya 07450, Turkey; UAq EMC Laboratory, Department of Industrial and Information Engineering and Economics, University of L'Aquila, L'Aquila 67100, Italy;",IEEE Transactions on Electromagnetic Compatibility,IEEE: Institute of Electrical and Electronics Engineers,Italy;Turkey,Muhammet Hilmi Nisanci;Ahmet Yahya Tesneli;Nigar Berna Tesneli;Beklas Colak;Francesco de Paulis;Antonio Orlandi,http://retractionwatch.com/2018/11/20/tech-society-retracts-29-articles-ousts-three-editors-for-systematic-violation-of-peer-review-policies/,Research Article;,43424,10.1109/TEMC.2018.2819203,0,43200,10.1109/TEMC.2018.2819203,0,Retraction,+Breach of Policy by Author;+Fake Peer Review;+Investigation by Journal/Publisher;+Publishing Ban;,No,see also: https://www.ieee.org/about/news/2018/retractions-from-ieee-transactions-on-electromagnetic-compatibility.html;,"https://ieeexplore.ieee.org/document/8334648 Notice of Retraction: After careful consideration, this article has been retracted due to irregularities in the peer review process.",0
19537,Defects Identification in a TSV Daisy-Chain Structure by a Machine Learning Approach,(PHY) Engineering - Electrical;,"UAq EMC Laboratory, Department of Industrial and Information Engineering and Economics, University of L'Aquila, L'Aquila, Italy;",IEEE Transactions on Electromagnetic Compatibility,IEEE: Institute of Electrical and Electronics Engineers,Italy,Stefano Piersanti;Antonio Orlandi,http://retractionwatch.com/2018/11/20/tech-society-retracts-29-articles-ousts-three-editors-for-systematic-violation-of-peer-review-policies/,Research Article;,43424,10.1109/TEMC.2017.2787769,0,43110,10.1109/TEMC.2017.2787769,0,Retraction,+Breach of Policy by Author;+Fake Peer Review;+Investigation by Journal/Publisher;+Publishing Ban;,No,see also: https://www.ieee.org/about/news/2018/retractions-from-ieee-transactions-on-electromagnetic-compatibility.html;,"https://ieeexplore.ieee.org/document/8253510 Notice of Retraction: After careful consideration, this article has been retracted due to irregularities in the peer review process.",0
19532,Differential Evolutionary Multiple-Objective Sequential Optimization of a Power Delivery Network,(PHY) Engineering - Electrical;,"Department of Industrial and Information Engineering and Economics, University of L'Aquila, L'Aquila, Italy;",IEEE Transactions on Electromagnetic Compatibility,IEEE: Institute of Electrical and Electronics Engineers,China;Italy;United States,Antonio Orlandi,http://retractionwatch.com/2018/11/20/tech-society-retracts-29-articles-ousts-three-editors-for-systematic-violation-of-peer-review-policies/,Research Article;,43424,10.1109/TEMC.2017.2760379,0,43025,10.1109/TEMC.2017.2760379,0,Retraction,+Breach of Policy by Author;+Fake Peer Review;+Investigation by Journal/Publisher;+Publishing Ban;,No,see also: https://www.ieee.org/about/news/2018/retractions-from-ieee-transactions-on-electromagnetic-compatibility.html;,"https://ieeexplore.ieee.org/document/8070397 Notice of Retraction: After careful consideration, this article has been retracted due to irregularities in the peer review process.",0
19514,Differential Lines Paired with Serpentine as Potential EMI Aggressors in Mobile Electronic Devices,(PHY) Engineering - Electrical;,"Samsung Electronics, Mobile Division, Suwon-Si, Gyeonggi-do, South Korea;",IEEE Transactions on Electromagnetic Compatibility,IEEE: Institute of Electrical and Electronics Engineers,South Korea,Antonio Ciccomancini Scogna;Nitin Srivastava;Hwanwoo Shim,http://retractionwatch.com/2018/11/20/tech-society-retracts-29-articles-ousts-three-editors-for-systematic-violation-of-peer-review-policies/,Research Article;,43424,10.1109/TEMC.2017.2764526,0,43056,10.1109/TEMC.2017.2764526,0,Retraction,+Breach of Policy by Author;+Fake Peer Review;+Investigation by Journal/Publisher;+Publishing Ban;,No,see also: https://www.ieee.org/about/news/2018/retractions-from-ieee-transactions-on-electromagnetic-compatibility.html;,"https://ieeexplore.ieee.org/document/8114328 Notice of Retraction: After careful consideration, this article has been retracted due to irregularities in the peer review process.",0
19516,Direct Characterization of Grounding System Wide-Band Input Impedance,(PHY) Engineering - Electrical;,"Department of Electrical and Computer Engineering, Shahid Beheshti University, Tehran, Iran; Department of Electrical Engineering, Bu-Ali Sina University, Hamedan, Iran; Ecole Polytechnique de Montreal, Montreal, QC, Canada;",IEEE Transactions on Electromagnetic Compatibility,IEEE: Institute of Electrical and Electronics Engineers,Canada;Iran,Babak Honarbakhsh;Hamidreza Karami;Keyhan Sheshyekani,http://retractionwatch.com/2018/11/20/tech-society-retracts-29-articles-ousts-three-editors-for-systematic-violation-of-peer-review-policies/,Research Article;,43424,10.1109/TEMC.2017.2700499,0,42866,10.1109/TEMC.2017.2700499,0,Retraction,+Breach of Policy by Author;+Fake Peer Review;+Investigation by Journal/Publisher;+Publishing Ban;,No,see also: https://www.ieee.org/about/news/2018/retractions-from-ieee-transactions-on-electromagnetic-compatibility.html;,"https://ieeexplore.ieee.org/document/7926409 Notice of Retraction: After careful consideration, this article has been retracted due to irregularities in the peer review process.",0
19534,Electric Dipole Equations in Very Near Field Conditions for Electromagnetic Shielding Assessment. Part I: Radiation Equations,(PHY) Engineering - Electrical;,"UAq EMC Laboratory, Department of Industrial and Information Engineering and Economics, University of L'Aquila, L'Aquila, Italy; IBM Systems Group, Research Triangle Park, NC, USA; LAIRD Technologies, Manchester, NH, USA; Electrical and Electronics Engineering, Missouri University of Science and Technology, Rolla, MO, USA;",IEEE Transactions on Electromagnetic Compatibility,IEEE: Institute of Electrical and Electronics Engineers,Italy;United States,Stefano Piersanti;Francesco de Paulis;Antonio Orlandi;Sam Connor;Bruce Archambeault;Paul Dixon;Mohammad Ali Khorrami;James L Drewniak,http://retractionwatch.com/2018/11/20/tech-society-retracts-29-articles-ousts-three-editors-for-systematic-violation-of-peer-review-policies/,Research Article;,43424,10.1109/TEMC.2017.2674179,0,42804,10.1109/TEMC.2017.2674179,0,Retraction,+Breach of Policy by Author;+Fake Peer Review;+Investigation by Journal/Publisher;+Publishing Ban;,No,see also: https://www.ieee.org/about/news/2018/retractions-from-ieee-transactions-on-electromagnetic-compatibility.html;,"https://ieeexplore.ieee.org/document/7875475 Notice of Retraction: After careful consideration, this article has been retracted due to irregularities in the peer review process.",0
19527,"Electric Dipole Equations in Very-Near-Field Conditions for Electromagnetic Shielding Assessment - Part II: Wave Impedance, Reflection, and Transmission",(PHY) Engineering - Electrical;,"Department of Industrial and Information Engineering and Economics, UAq ?Electromagnetic Compatibility Laboratory, University of L'Aquila, L'Aquila, Italy; IBM Systems Group, Durham, NC, USA; LAIRD Technologies, Manchester, NH, USA; Electrical and Electronics Engineering Department, Missouri University of Science and Technology, Rolla, MO, USA;",IEEE Transactions on Electromagnetic Compatibility,IEEE: Institute of Electrical and Electronics Engineers,Italy;United States,Stefano Piersanti;Francesco de Paulis;Antonio Orlandi;SAm Connor;Bruce Archambeault;Paul Dixon;Mohammad Ali Khorrami;James L Drewniak,http://retractionwatch.com/2018/11/20/tech-society-retracts-29-articles-ousts-three-editors-for-systematic-violation-of-peer-review-policies/,Research Article;,43424,10.1109/TEMC.2017.2674183,0,42804,10.1109/TEMC.2017.2674183,0,Retraction,+Breach of Policy by Author;+Fake Peer Review;+Investigation by Journal/Publisher;+Publishing Ban;,No,see also: https://www.ieee.org/about/news/2018/retractions-from-ieee-transactions-on-electromagnetic-compatibility.html;,"https://ieeexplore.ieee.org/document/7875480 Notice of Retraction: After careful consideration, this article has been retracted due to irregularities in the peer review process.",0
19525,Exact Near-Field Formulation for Shielding Evaluation: The Werner's Equations Revised,(PHY) Engineering - Electrical;,"UAq EMC Laboratory, Department of Industrial and Information Engineering and Economics, University of L'Aquila, L'Aquila, Italy;",IEEE Transactions on Electromagnetic Compatibility,IEEE: Institute of Electrical and Electronics Engineers,Italy,Stefano Piersanti;Francesco de Paulis;Antonio Orlandi,http://retractionwatch.com/2018/11/20/tech-society-retracts-29-articles-ousts-three-editors-for-systematic-violation-of-peer-review-policies/,Research Article;,43424,10.1109/TEMC.2017.2698081,0,42859,10.1109/TEMC.2017.2698081,0,Retraction,+Breach of Policy by Author;+Fake Peer Review;+Investigation by Journal/Publisher;+Publishing Ban;,No,see also: https://www.ieee.org/about/news/2018/retractions-from-ieee-transactions-on-electromagnetic-compatibility.html;,"https://ieeexplore.ieee.org/document/7919188 Notice of Retraction: After careful consideration, this article has been retracted due to irregularities in the peer review process.",0
19536,Experimental Validation of a 3D FSS Designed by Periodic Conductive Fibers Part-1: Band-Pass Filter Characteristic,(PHY) Engineering - Electrical;,"Department of Electrical and Electronics Engineering, Sakarya University, Sakarya, Turkey; UEKAE, BILGEM, TUBITAK, Gebze, Turkey; Department of EMI/EMC Test and Evaluation, BILGEM, TUBITAK, Gebze, Turkey; UAq EMC Laboratory, Department of Industrial and Information Engineering and Economics, University of L'Aquila, L'Aquila, Italy;",IEEE Transactions on Electromagnetic Compatibility,IEEE: Institute of Electrical and Electronics Engineers,Italy;Turkey,Muhammet Hilmi Nisanci;Ahmet Yayha Tesneli;Nigar Berna Tesneli;Fatih Ustuner;Ekrem Demirel;Francesco de Paulis;Antonio Orlandi,http://retractionwatch.com/2018/11/20/tech-society-retracts-29-articles-ousts-three-editors-for-systematic-violation-of-peer-review-policies/,Research Article;,43424,10.1109/TEMC.2017.2698829,0,42901,10.1109/TEMC.2017.2698829,0,Retraction,+Breach of Policy by Author;+Fake Peer Review;+Investigation by Journal/Publisher;+Publishing Ban;,No,see also: https://www.ieee.org/about/news/2018/retractions-from-ieee-transactions-on-electromagnetic-compatibility.html;,"https://ieeexplore.ieee.org/document/7949072 Notice of Retraction: After careful consideration, this article has been retracted due to irregularities in the peer review process.",0
19535,Experimental Validation of a 3D FSS Designed by Periodic Conductive Fibers Part-2: Band-Stop Filter Characteristic,(PHY) Engineering - Electrical;,"Department of Electrical and Electronics Engineering, Sakarya University, Sakarya, Turkey; UEKAE, BILGEM, TUBITAK, Gebze, Turkey; Department of EMI/EMC Test and Evaluation, BILGEM, TUBITAK, Gebze, Turkey; UAq EMC Laboratory, Department of Industrial and Information Engineering and Economics, University of L'Aquila, L'Aquila, Italy;",IEEE Transactions on Electromagnetic Compatibility,IEEE: Institute of Electrical and Electronics Engineers,Italy;Turkey,Muhammet Hilmi Nisanci;Nigar Berna Tesneli;Ahmet Yahya Tesneli;Fatih Ustuner;Ekrem Demirel;Francesco de Paulis;Antonio Orlandi,http://retractionwatch.com/2018/11/20/tech-society-retracts-29-articles-ousts-three-editors-for-systematic-violation-of-peer-review-policies/,Research Article;,43424,10.1109/TEMC.2017.2698835,0,42892,10.1109/TEMC.2017.2698835,0,Retraction,+Breach of Policy by Author;+Fake Peer Review;+Investigation by Journal/Publisher;+Publishing Ban;,No,see also: https://www.ieee.org/about/news/2018/retractions-from-ieee-transactions-on-electromagnetic-compatibility.html;,"https://ieeexplore.ieee.org/document/7940037 Notice of Retraction: After careful consideration, this article has been retracted due to irregularities in the peer review process.",0
19531,FDTD Implementation of Resistive Coupling at MTL Termination Networks,(PHY) Engineering - Electrical;,"Department of Industrial and Information Engineering and Economics, University of L'Aquila, L'Aquila, Italy; HW Design, INTECS Spa, L'Aquila, Italy; Department of Electrical Engineering, University of L'Aquila, L'Aquila, Italy; Department of Industrial and Information Engineering and Economics, University of L'Aquila, L'Aquila, Italy;",IEEE Transactions on Electromagnetic Compatibility,IEEE: Institute of Electrical and Electronics Engineers,China;Italy;United States,Enza Pellegrino;Riccardo Cecchetti;Carlo Olivieri;Francesco de Paulis;Antonio Orlandi,http://retractionwatch.com/2018/11/20/tech-society-retracts-29-articles-ousts-three-editors-for-systematic-violation-of-peer-review-policies/,Research Article;,43424,10.1109/TEMC.2017.2685632,0,42831,10.1109/TEMC.2017.2685632,0,Retraction,+Breach of Policy by Author;+Fake Peer Review;+Investigation by Journal/Publisher;+Publishing Ban;,No,see also: https://www.ieee.org/about/news/2018/retractions-from-ieee-transactions-on-electromagnetic-compatibility.html;,"https://ieeexplore.ieee.org/document/8347186 Notice of Retraction: After careful consideration, this article has been retracted due to irregularities in the peer review process.",0
19511,Genetic Algorithm Optimization for the Total Radiated Power of a Meandered Line by Using an Artificial Neural Network,(PHY) Engineering - Electrical;,"UAq EMC Laboratory, Department of Industrial and Information Engineering and Economics, University of L'Aquila, L'Aquila, Italy;",IEEE Transactions on Electromagnetic Compatibility,IEEE: Institute of Electrical and Electronics Engineers,Italy,Stefano Piersanti;Antonio Orlandi,http://retractionwatch.com/2018/11/20/tech-society-retracts-29-articles-ousts-three-editors-for-systematic-violation-of-peer-review-policies/,Research Article;,43424,10.1109/TEMC.2017.2764623,0,43039,10.1109/TEMC.2017.2764623,0,Retraction,+Breach of Policy by Author;+Fake Peer Review;+Investigation by Journal/Publisher;+Publishing Ban;,No,see also: https://www.ieee.org/about/news/2018/retractions-from-ieee-transactions-on-electromagnetic-compatibility.html;,"https://ieeexplore.ieee.org/document/8091000 Notice of Retraction: After careful consideration, this article has been retracted due to irregularities in the peer review process.",0
19509,Impact of Frequency-Dependent Terminations and Defect Impedances on the Accuracy of the Unmatched-Media Time Reversal Method,(PHY) Engineering - Electrical;,"UAq EMC Laboratory, Department of Industrial and Information Engineering and Economics, University of Lâ€™Aquila, Lâ€™Aquila 67100, Italy;",IEEE Transactions on Electromagnetic Compatibility,IEEE: Institute of Electrical and Electronics Engineers,Italy,Antonio Orlandi;Carlo Olivieri,http://retractionwatch.com/2018/11/20/tech-society-retracts-29-articles-ousts-three-editors-for-systematic-violation-of-peer-review-policies/,Research Article;,43424,10.1109/TEMC.2017.2785839,0,43103,10.1109/TEMC.2017.2785839,0,Retraction,+Breach of Policy by Author;+Fake Peer Review;+Investigation by Journal/Publisher;+Publishing Ban;,No,see also: https://www.ieee.org/about/news/2018/retractions-from-ieee-transactions-on-electromagnetic-compatibility.html;,"https://ieeexplore.ieee.org/document/8245829 Notice of Retraction: After careful consideration, this article has been retracted due to irregularities in the peer review process.",0
19513,Impact of Genetic Algorithm Control Parameters on Chip PDN Decoupling Capacitors Placement,(PHY) Engineering - Electrical;,"Department of Industrial and Information Engineering and Economics, University of L'Aquila, L'Aquila, Italy;",IEEE Transactions on Electromagnetic Compatibility,IEEE: Institute of Electrical and Electronics Engineers,Italy,Stefano Piersanti;Antonio Orlandi,http://retractionwatch.com/2018/11/20/tech-society-retracts-29-articles-ousts-three-editors-for-systematic-violation-of-peer-review-policies/,Research Article;,43424,10.1109/TEMC.2017.2772220,0,43056,10.1109/TEMC.2017.2772220,0,Retraction,+Breach of Policy by Author;+Fake Peer Review;+Investigation by Journal/Publisher;+Publishing Ban;,No,see also: https://www.ieee.org/about/news/2018/retractions-from-ieee-transactions-on-electromagnetic-compatibility.html;,"https://ieeexplore.ieee.org/document/8114204 Notice of Retraction: After careful consideration, this article has been retracted due to irregularities in the peer review process.",0
19520,Localization of Short and Open Defects in Multilayer Through Silicon Vias (TSV) Daisy-Chain Structures,(PHY) Engineering - Electrical;,"UAq EMC Laboratory, Department of Industrial and Information Engineering and Economics, University of L'Aquila, L'Aquila, Italy; Department of Electrical Engineering, Korea Advanced Institute of Science and Technology (KAIST), Daejeon, South Korea;",IEEE Transactions on Electromagnetic Compatibility,IEEE: Institute of Electrical and Electronics Engineers,Italy;South Korea,Stefano Piersanti;Francesco de Paulis;Carlo Olivier;Daniel H Jung;Joungho Kim;Antonio Orlandi,http://retractionwatch.com/2018/11/20/tech-society-retracts-29-articles-ousts-three-editors-for-systematic-violation-of-peer-review-policies/,Research Article;,43424,10.1109/TEMC.2017.2685348,0,42831,10.1109/TEMC.2017.2685348,0,Retraction,+Breach of Policy by Author;+Fake Peer Review;+Investigation by Journal/Publisher;+Publishing Ban;,No,see also: https://www.ieee.org/about/news/2018/retractions-from-ieee-transactions-on-electromagnetic-compatibility.html;,"https://ieeexplore.ieee.org/document/7893785 Notice of Retraction: After careful consideration, this article has been retracted due to irregularities in the peer review process.",0
19515,Multiple Objectives Optimization for an EBG Common Mode Filter by Using an Artificial Neural Network,(PHY) Engineering - Electrical;,"Department of Electrical Engineering, University of L'Aquila, L'Aquila, Italy;",IEEE Transactions on Electromagnetic Compatibility,IEEE: Institute of Electrical and Electronics Engineers,Italy,Antonio Orlandi,http://retractionwatch.com/2018/11/20/tech-society-retracts-29-articles-ousts-three-editors-for-systematic-violation-of-peer-review-policies/,Research Article;,43424,10.1109/TEMC.2017.2749624,0,42992,10.1109/TEMC.2017.2749624,0,Retraction,+Breach of Policy by Author;+Fake Peer Review;+Investigation by Journal/Publisher;+Publishing Ban;,No,see also: https://www.ieee.org/about/news/2018/retractions-from-ieee-transactions-on-electromagnetic-compatibility.html;,"https://ieeexplore.ieee.org/document/8038001 Notice of Retraction: After careful consideration, this article has been retracted due to irregularities in the peer review process.",0
19518,Near Field Shielding Performances of Absorbing Materials for Integrated Circuits (IC) Applications Part I: Lateral Excitation,(PHY) Engineering - Electrical;,"UAq EMC Laboratory, Department of Industrial and Information Engineering and Economics, University of L'Aquila, L'Aquila, Italy; IBM Systems Group, Research Triangle Park, Durham, NC, USA; LAIRD Technologies, Manchester, NH, USA; Department of Electrical and Electronics Engineering, Missouri University of Science and Technology, Rolla, MO, USA;",IEEE Transactions on Electromagnetic Compatibility,IEEE: Institute of Electrical and Electronics Engineers,Italy;United States,Stefano Piersanti;Antonio Orlandi;Francesco de Paulis;Sam Connor;Mohammad Ali Khorrami;Paul Dixon;Bruce Arcgambeault;James L Drewniak,http://retractionwatch.com/2018/11/20/tech-society-retracts-29-articles-ousts-three-editors-for-systematic-violation-of-peer-review-policies/,Research Article;,43424,10.1109/TEMC.2017.2726548,0,42936,10.1109/TEMC.2017.2726548,0,Retraction,+Breach of Policy by Author;+Fake Peer Review;+Investigation by Journal/Publisher;+Publishing Ban;,No,see also: https://www.ieee.org/about/news/2018/retractions-from-ieee-transactions-on-electromagnetic-compatibility.html;,"https://ieeexplore.ieee.org/document/7987021 Notice of Retraction: After careful consideration, this article has been retracted due to irregularities in the peer review process.",0
19528,Near-Field Shielding Performances of Absorbing Materials for Integrated Circuits (IC) Applications. Part II: Crossing Excitation,(PHY) Engineering - Electrical;,"UAq EMC Laboratory, Department of Industrial and Information Engineering and Economics, University of L'Aquila, L'Aquila, Italy; IBM Systems Group, Research Triangle Park, Durham, NC, USA; LAIRD Technologies, Manchester, NH, USA; IBM Systems Group, Research Triangle Park, Durham, NC, USA; Department of Electrical and Electronics Engineering, Missouri University of Science and Technology, Rolla, MO, USA;",IEEE Transactions on Electromagnetic Compatibility,IEEE: Institute of Electrical and Electronics Engineers,Italy;United States,Stefano Piersanti;Antonio Orlandi;Francesco de Paulis;Sam Connor;Mohammad Ali Khorrami;Paul Dixon;Bruce Archambeault;James L Drewniak,http://retractionwatch.com/2018/11/20/tech-society-retracts-29-articles-ousts-three-editors-for-systematic-violation-of-peer-review-policies/,Research Article;,43424,10.1109/TEMC.2017.2731794,0,42948,10.1109/TEMC.2017.2731794,0,Retraction,+Breach of Policy by Author;+Fake Peer Review;+Investigation by Journal/Publisher;+Publishing Ban;,No,see also: https://www.ieee.org/about/news/2018/retractions-from-ieee-transactions-on-electromagnetic-compatibility.html;,"https://ieeexplore.ieee.org/document/7999162 Notice of Retraction: After careful consideration, this article has been retracted due to irregularities in the peer review process.",0
19530,Objective MIMO Measurement,(PHY) Engineering - Electrical;,"Department of Electronics and Information Engineering, Hunan University, Changsha, China; General Test Systems, Shenzhen, China; Missouri University of Science and Technology, Rolla, MO, USA; Electromagnetic Compatibility Laboratory, University of L'Aquila, L'Aquila, Italy; Google, Mountain View, CA, USA;",IEEE Transactions on Electromagnetic Compatibility,IEEE: Institute of Electrical and Electronics Engineers,China;Italy;United States,Jun Li;Yihong Qi;Wei Yu;Fuhai Li;Jun Fan;Antonio Orlandi;Zhiping Yang;Songping Wu,http://retractionwatch.com/2018/11/20/tech-society-retracts-29-articles-ousts-three-editors-for-systematic-violation-of-peer-review-policies/,Research Article;,43424,10.1109/TEMC.2018.2804041,0,43215,10.1109/TEMC.2018.2804041,0,Retraction,+Breach of Policy by Author;+Fake Peer Review;+Investigation by Journal/Publisher;+Publishing Ban;,No,see also: https://www.ieee.org/about/news/2018/retractions-from-ieee-transactions-on-electromagnetic-compatibility.html;,"https://ieeexplore.ieee.org/document/8347186 Notice of Retraction: After careful consideration, this article has been retracted due to irregularities in the peer review process.",0
19512,Reduction of Total Radiated Power From a Planar EBG by Using a Multiple Objectives Sequential Optimization,(PHY) Engineering - Electrical;,"Department of Industrial and Information Engineering and Economics, University of L'Aquila, L'Aquila, Italy;",IEEE Transactions on Electromagnetic Compatibility,IEEE: Institute of Electrical and Electronics Engineers,Italy,Antonio Orlandi,http://retractionwatch.com/2018/11/20/tech-society-retracts-29-articles-ousts-three-editors-for-systematic-violation-of-peer-review-policies/,Research Article;,43424,10.1109/TEMC.2017.2747639,0,42992,10.1109/TEMC.2017.2747639,0,Retraction,+Breach of Policy by Author;+Fake Peer Review;+Investigation by Journal/Publisher;+Publishing Ban;,No,see also: https://www.ieee.org/about/news/2018/retractions-from-ieee-transactions-on-electromagnetic-compatibility.html;,"https://ieeexplore.ieee.org/document/8037988 Notice of Retraction: After careful consideration, this article has been retracted due to irregularities in the peer review process.",0
19521,Resistive Coupling at Termination Networks of Lossy and Externally Excited MTL: An FDTD Formulation,(PHY) Engineering - Electrical;,"Department of Industrial and Information Engineering and Economics, University of L'Aquila, L'Aquila, Italy; INTECS spa, L'Aquila, Italy; Department of Industrial and Information Engineering and Economics, University of L'Aquila, L'Aquila, Italy;",IEEE Transactions on Electromagnetic Compatibility,IEEE: Institute of Electrical and Electronics Engineers,Italy,Enza Pellegrino;Antonio Orlandi;Riccardo Cecchetti;Francesco de Paulis;Carlo Olivieri,http://retractionwatch.com/2018/11/20/tech-society-retracts-29-articles-ousts-three-editors-for-systematic-violation-of-peer-review-policies/,Research Article;,43424,10.1109/TEMC.2017.2707383,0,42884,10.1109/TEMC.2017.2707383,0,Retraction,+Breach of Policy by Author;+Fake Peer Review;+Investigation by Journal/Publisher;+Publishing Ban;,No,see also: https://www.ieee.org/about/news/2018/retractions-from-ieee-transactions-on-electromagnetic-compatibility.html;,"https://ieeexplore.ieee.org/document/7935467 Notice of Retraction: After careful consideration, this article has been retracted due to irregularities in the peer review process.",0
19526,Review of the EMC Aspects of Internet of Things,(PHY) Engineering - Electrical;,"General Test Systems, Shenzhen, China; Hunan University, Changsha, China; University of Waterloo, Waterloo, ON, Canada; Missouri University of Science and Technology, Rolla, MO, USA; UAq EMC Laboratory, Department of Industrial and Information Engineering and Economics, University of L'Aquila, L'Aquila, Italy; Hosei University, Tokyo, Japan; Missouri University of Science and Technology, Rolla, MO, USA;",IEEE Transactions on Electromagnetic Compatibility,IEEE: Institute of Electrical and Electronics Engineers,China;Italy;Japan;United States,Yihong Qi;Jiyu Wu;Guang Gong;Jun Fan;Antonio Orlandi;Wei Yu;Jinhua Ma;James L Drewniak,http://retractionwatch.com/2018/11/20/tech-society-retracts-29-articles-ousts-three-editors-for-systematic-violation-of-peer-review-policies/,Review Article;,43424,10.1109/TEMC.2017.2775651,0,43087,10.1109/TEMC.2017.2775651,0,Retraction,+Breach of Policy by Author;+Fake Peer Review;+Investigation by Journal/Publisher;+Publishing Ban;,No,see also: https://www.ieee.org/about/news/2018/retractions-from-ieee-transactions-on-electromagnetic-compatibility.html;,"https://ieeexplore.ieee.org/document/8219409 Notice of Retraction: After careful consideration, this article has been retracted due to irregularities in the peer review process.",0
19524,Review of the Feature Selective Validation Method (FSV). Part I -Theory,(PHY) Engineering - Electrical;,"De Montfort University, Leicester, UK; UAq EMC Laboratory, University of L'Aquila, L'Aquila, Italy; Harbin Institute of Technology, Harbin, China;",IEEE Transactions on Electromagnetic Compatibility,IEEE: Institute of Electrical and Electronics Engineers,China;Italy;United Kingdom,Alistair P Duffy;Antonio Orlandi;Gang Zhang,http://retractionwatch.com/2018/11/20/tech-society-retracts-29-articles-ousts-three-editors-for-systematic-violation-of-peer-review-policies/,Review Article;,43424,10.1109/TEMC.2017.2776406,0,43075,10.1109/TEMC.2017.2776406,0,Retraction,+Breach of Policy by Author;+Fake Peer Review;+Investigation by Journal/Publisher;+Publishing Ban;,No,see also: https://www.ieee.org/about/news/2018/retractions-from-ieee-transactions-on-electromagnetic-compatibility.html;,"https://ieeexplore.ieee.org/document/8168353 Notice of Retraction: After careful consideration, this article has been retracted due to irregularities in the peer review process.",0
19529,Review of the Feature Selective Validation Method (FSV). Part II - Performance Analysis and Research Fronts,(PHY) Engineering - Electrical;,"UAq EMC Laboratory, University of L'Aquila, L'Aquila AQ, Italy; De Montfort University, Leicester, UK; Harbin Institute of Technology, Harbin, China;",IEEE Transactions on Electromagnetic Compatibility,IEEE: Institute of Electrical and Electronics Engineers,China;Italy;United Kingdom,Antonio Orlandi;Alistair P Duffy;Gang Zhang,http://retractionwatch.com/2018/11/20/tech-society-retracts-29-articles-ousts-three-editors-for-systematic-violation-of-peer-review-policies/,Review Article;,43424,10.1109/TEMC.2018.2796080,0,43137,10.1109/TEMC.2018.2796080,0,Retraction,+Breach of Policy by Author;+Fake Peer Review;+Investigation by Journal/Publisher;+Publishing Ban;,No,see also: https://www.ieee.org/about/news/2018/retractions-from-ieee-transactions-on-electromagnetic-compatibility.html;,"https://ieeexplore.ieee.org/document/8283564 Notice of Retraction: After careful consideration, this article has been retracted due to irregularities in the peer review process.",0
19533,Signal and Power Integrity SPICE Cosimulation Versus 3-D EM Co-Extraction for DDR Memory Interface Modules,(PHY) Engineering - Electrical;,"UTAR, Jalan Sungai Long, Bandar Sungai Long, Cheras 43000 Kajang, Selangor, Malaysia ; Samsung Electronics, Mobile Division, HE-Group, Gyeonggi-do 16677, South Korea;",IEEE Transactions on Electromagnetic Compatibility,IEEE: Institute of Electrical and Electronics Engineers,Malaysia;South Korea,Lian Kheng Teoh;Nitin Srivastava;Hwanwoo Shim;Chung Boon-Kuan;Antonia Ciccomncini Scogna,http://retractionwatch.com/2018/11/20/tech-society-retracts-29-articles-ousts-three-editors-for-systematic-violation-of-peer-review-policies/,Research Article;,43424,10.1109/TEMC.2018.2817259,0,43195,10.1109/TEMC.2018.2817259,0,Retraction,+Breach of Policy by Author;+Fake Peer Review;+Investigation by Journal/Publisher;+Publishing Ban;,No,see also: https://www.ieee.org/about/news/2018/retractions-from-ieee-transactions-on-electromagnetic-compatibility.html;,"https://ieeexplore.ieee.org/document/8331977 Notice of Retraction: After careful consideration, this article has been retracted due to irregularities in the peer review process.",0
19522,Statistical Figures of Merit for the Feature Selective Validation Method,(PHY) Engineering - Electrical;,"Harbin Institute of Technology, Harbin, China; De Montfort University, Leicester, UK; UAq EMC Laboratory, University of L'Aquila, L'Aquila, Italy;",IEEE Transactions on Electromagnetic Compatibility,IEEE: Institute of Electrical and Electronics Engineers,China;Italy;United Kingdom,Gang Zhang;Alistair P Duffy;Antonio Orlandi,http://retractionwatch.com/2018/11/20/tech-society-retracts-29-articles-ousts-three-editors-for-systematic-violation-of-peer-review-policies/,Research Article;,43424,10.1109/TEMC.2017.2695658,0,42865,10.1109/TEMC.2017.2695658,0,Retraction,+Breach of Policy by Author;+Fake Peer Review;+Investigation by Journal/Publisher;+Publishing Ban;,No,see also: https://www.ieee.org/about/news/2018/retractions-from-ieee-transactions-on-electromagnetic-compatibility.html;,"https://ieeexplore.ieee.org/document/7924307 Notice of Retraction: After careful consideration, this article has been retracted due to irregularities in the peer review process.",0
19510,The Bounded Phase Property of the Time-Reversal Current Transfer Function for the Locations of Longitudinal Defects in Transmission Lines,(PHY) Engineering - Electrical;,"UAq EMC Laboratory, Department of Industrial and Information Engineering and Economics, University of L'Aquila, L'Aquila, Italy;",IEEE Transactions on Electromagnetic Compatibility,IEEE: Institute of Electrical and Electronics Engineers,Italy,Enza Pellegrino;Antonio Orlandi;Carlo Olivieri,http://retractionwatch.com/2018/11/20/tech-society-retracts-29-articles-ousts-three-editors-for-systematic-violation-of-peer-review-policies/,Research Article;,43424,10.1109/TEMC.2018.2807586,0,43181,10.1109/TEMC.2018.2807586,0,Retraction,+Breach of Policy by Author;+Fake Peer Review;+Investigation by Journal/Publisher;+Publishing Ban;,No,see also: https://www.ieee.org/about/news/2018/retractions-from-ieee-transactions-on-electromagnetic-compatibility.html;,"https://ieeexplore.ieee.org/document/8322418 Notice of Retraction: After careful consideration, this article has been retracted due to irregularities in the peer review process.",0
19538,Approximate Versus Exact Near Field Formulation for a Cylindrical Electric Dipole,(PHY) Engineering - Electrical;,"UAq EMC Laboratory, Department of Industrial and Information Engineering and Economics, University of L'Aquila, L'Aquila, Italy;",IEEE Transactions on Electromagnetic Compatibility,IEEE: Institute of Electrical and Electronics Engineers,Italy,Stefano Piersanti;Francesco de Paulis;Antonio Orlandi,http://retractionwatch.com/2018/11/20/tech-society-retracts-29-articles-ousts-three-editors-for-systematic-violation-of-peer-review-policies/,Research Article;,43406,10.1109/TEMC.2017.2674184,0,42802,10.1109/TEMC.2017.2674184,0,Retraction,+Breach of Policy by Author;+Fake Peer Review;+Investigation by Journal/Publisher;+Publishing Ban;,No,see also: https://www.ieee.org/about/news/2018/retractions-from-ieee-transactions-on-electromagnetic-compatibility.html;,"https://ieeexplore.ieee.org/document/7874190 Notice of Retraction: After careful consideration, this article has been retracted due to irregularities in the peer review process.",0